n;searchIn;searchOut;pageSize;alfaMax;capacity;oveflow;alfa;diskAccessIn;diskAccessOut;input
100000;5000;5000;10;0.60;15076;1591;0.60;5240;5727;tests/001.in
100000;5000;5000;10;0.60;15145;1522;0.60;5229;5700;tests/002.in
100000;5000;5000;10;0.60;15156;1511;0.60;5222;5725;tests/003.in
100000;5000;5000;10;0.60;15181;1486;0.60;5232;5672;tests/004.in
100000;5000;5000;10;0.60;15215;1453;0.60;5209;5654;tests/005.in
100000;5000;5000;10;0.60;15086;1581;0.60;5238;5739;tests/006.in
100000;5000;5000;10;0.60;15118;1549;0.60;5255;5721;tests/007.in
100000;5000;5000;10;0.60;15144;1523;0.60;5236;5692;tests/008.in
100000;5000;5000;10;0.60;15149;1518;0.60;5219;5686;tests/009.in
100000;5000;5000;10;0.60;15134;1533;0.60;5218;5724;tests/010.in
100000;5000;5000;10;0.60;15080;1588;0.60;5260;5779;tests/011.in
100000;5000;5000;10;0.60;15051;1617;0.60;5248;5737;tests/012.in
100000;5000;5000;10;0.60;15087;1580;0.60;5225;5741;tests/013.in
100000;5000;5000;10;0.60;15100;1567;0.60;5244;5719;tests/014.in
100000;5000;5000;10;0.60;15200;1467;0.60;5220;5667;tests/015.in
100000;5000;5000;10;0.60;15131;1537;0.60;5222;5696;tests/016.in
100000;5000;5000;10;0.60;14993;1674;0.60;5221;5789;tests/017.in
100000;5000;5000;10;0.60;15243;1425;0.60;5175;5680;tests/018.in
100000;5000;5000;10;0.60;15063;1604;0.60;5244;5757;tests/019.in
100000;5000;5000;10;0.60;15160;1507;0.60;5207;5653;tests/020.in
100000;5000;5000;10;0.60;15195;1472;0.60;5221;5640;tests/021.in
100000;5000;5000;10;0.60;15067;1601;0.60;5245;5774;tests/022.in
100000;5000;5000;10;0.60;15175;1493;0.60;5245;5708;tests/023.in
100000;5000;5000;10;0.60;15257;1411;0.60;5209;5650;tests/024.in
100000;5000;5000;10;0.60;15168;1499;0.60;5204;5701;tests/025.in
100000;5000;5000;10;0.60;15174;1493;0.60;5234;5682;tests/026.in
100000;5000;5000;10;0.60;15146;1521;0.60;5230;5666;tests/027.in
100000;5000;5000;10;0.60;15190;1477;0.60;5210;5651;tests/028.in
100000;5000;5000;10;0.60;15200;1467;0.60;5209;5646;tests/029.in
100000;5000;5000;10;0.60;15107;1560;0.60;5237;5768;tests/030.in
100000;5000;5000;10;0.60;15021;1646;0.60;5253;5773;tests/031.in
100000;5000;5000;10;0.60;15100;1567;0.60;5210;5797;tests/032.in
100000;5000;5000;10;0.60;15065;1603;0.60;5234;5770;tests/033.in
100000;5000;5000;10;0.60;15046;1621;0.60;5253;5748;tests/034.in
100000;5000;5000;10;0.60;15202;1465;0.60;5234;5718;tests/035.in
100000;5000;5000;10;0.60;15156;1512;0.60;5208;5698;tests/036.in
100000;5000;5000;10;0.60;15168;1499;0.60;5198;5706;tests/037.in
100000;5000;5000;10;0.60;15104;1563;0.60;5246;5699;tests/038.in
100000;5000;5000;10;0.60;15103;1564;0.60;5249;5724;tests/039.in
100000;5000;5000;10;0.60;15130;1537;0.60;5246;5720;tests/040.in
100000;5000;5000;10;0.60;15021;1646;0.60;5228;5800;tests/041.in
100000;5000;5000;10;0.60;15102;1566;0.60;5229;5739;tests/042.in
100000;5000;5000;10;0.60;15088;1579;0.60;5250;5728;tests/043.in
100000;5000;5000;10;0.60;14976;1691;0.60;5252;5827;tests/044.in
100000;5000;5000;10;0.60;15132;1535;0.60;5225;5703;tests/045.in
100000;5000;5000;10;0.60;15208;1459;0.60;5191;5678;tests/046.in
100000;5000;5000;10;0.60;15155;1513;0.60;5238;5682;tests/047.in
100000;5000;5000;10;0.60;15163;1504;0.60;5228;5686;tests/048.in
100000;5000;5000;10;0.60;15173;1494;0.60;5236;5640;tests/049.in
100000;5000;5000;10;0.60;15217;1450;0.60;5232;5628;tests/050.in
100000;5000;5000;10;0.75;4047;9288;0.75;8555;12176;tests/001.in
100000;5000;5000;10;0.75;4079;9266;0.75;8528;12102;tests/002.in
100000;5000;5000;10;0.75;4028;9306;0.75;8673;12261;tests/003.in
100000;5000;5000;10;0.75;3977;9357;0.75;8739;12537;tests/004.in
100000;5000;5000;10;0.75;4059;9276;0.75;8540;12185;tests/005.in
100000;5000;5000;10;0.75;4033;9301;0.75;8603;12482;tests/006.in
100000;5000;5000;10;0.75;3995;9340;0.75;8773;12591;tests/007.in
100000;5000;5000;10;0.75;4046;9289;0.75;8572;12227;tests/008.in
100000;5000;5000;10;0.75;4046;9288;0.75;8532;12120;tests/009.in
100000;5000;5000;10;0.75;4089;9246;0.75;8582;12122;tests/010.in
100000;5000;5000;10;0.75;4017;9317;0.75;8730;12628;tests/011.in
100000;5000;5000;10;0.75;3985;9350;0.75;8776;12501;tests/012.in
100000;5000;5000;10;0.75;4004;9333;0.75;8721;12594;tests/013.in
100000;5000;5000;10;0.75;4007;9327;0.75;8822;12716;tests/014.in
100000;5000;5000;10;0.75;3987;9350;0.75;8779;12654;tests/015.in
100000;5000;5000;10;0.75;4028;9322;0.75;8717;12407;tests/016.in
100000;5000;5000;10;0.75;4115;9219;0.75;8441;11913;tests/017.in
100000;5000;5000;10;0.75;3996;9338;0.75;8751;12614;tests/018.in
100000;5000;5000;10;0.75;4013;9324;0.75;8705;12617;tests/019.in
100000;5000;5000;10;0.75;4058;9276;0.75;8637;12191;tests/020.in
100000;5000;5000;10;0.75;4073;9263;0.75;8482;12102;tests/021.in
100000;5000;5000;10;0.75;4038;9296;0.75;8690;12289;tests/022.in
100000;5000;5000;10;0.75;3970;9364;0.75;8930;12788;tests/023.in
100000;5000;5000;10;0.75;4012;9324;0.75;8663;12529;tests/024.in
100000;5000;5000;10;0.75;3989;9345;0.75;8758;12618;tests/025.in
100000;5000;5000;10;0.75;4082;9260;0.75;8566;11985;tests/026.in
100000;5000;5000;10;0.75;4085;9253;0.75;8517;12043;tests/027.in
100000;5000;5000;10;0.75;4051;9287;0.75;8597;12443;tests/028.in
100000;5000;5000;10;0.75;4008;9332;0.75;8759;12487;tests/029.in
100000;5000;5000;10;0.75;4060;9279;0.75;8484;12165;tests/030.in
100000;5000;5000;10;0.75;4034;9300;0.75;8679;12486;tests/031.in
100000;5000;5000;10;0.75;4095;9239;0.75;8506;12048;tests/032.in
100000;5000;5000;10;0.75;3944;9390;0.75;9056;12944;tests/033.in
100000;5000;5000;10;0.75;4011;9323;0.75;8771;12290;tests/034.in
100000;5000;5000;10;0.75;4019;9316;0.75;8683;12204;tests/035.in
100000;5000;5000;10;0.75;4183;9152;0.75;8459;12001;tests/036.in
100000;5000;5000;10;0.75;4066;9269;0.75;8576;12161;tests/037.in
100000;5000;5000;10;0.75;3991;9343;0.75;8808;12602;tests/038.in
100000;5000;5000;10;0.75;4000;9340;0.75;8842;12751;tests/039.in
100000;5000;5000;10;0.75;4015;9322;0.75;8725;12513;tests/040.in
100000;5000;5000;10;0.75;4079;9262;0.75;8504;11997;tests/041.in
100000;5000;5000;10;0.75;4078;9257;0.75;8466;12091;tests/042.in
100000;5000;5000;10;0.75;4004;9341;0.75;8779;12690;tests/043.in
100000;5000;5000;10;0.75;4059;9276;0.75;8560;12067;tests/044.in
100000;5000;5000;10;0.75;3970;9365;0.75;8967;12933;tests/045.in
100000;5000;5000;10;0.75;3953;9385;0.75;8887;12774;tests/046.in
100000;5000;5000;10;0.75;4081;9253;0.75;8552;11943;tests/047.in
100000;5000;5000;10;0.75;4115;9219;0.75;8511;12199;tests/048.in
100000;5000;5000;10;0.75;4072;9272;0.75;8603;11904;tests/049.in
100000;5000;5000;10;0.75;4032;9302;0.75;8561;12360;tests/050.in
100000;5000;5000;10;0.80;2705;9801;0.80;12075;18227;tests/001.in
100000;5000;5000;10;0.80;2706;9795;0.80;12096;18186;tests/002.in
100000;5000;5000;10;0.80;2685;9822;0.80;12142;18279;tests/003.in
100000;5000;5000;10;0.80;2715;9786;0.80;12083;18162;tests/004.in
100000;5000;5000;10;0.80;2724;9777;0.80;12014;17861;tests/005.in
100000;5000;5000;10;0.80;2763;9741;0.80;11965;17796;tests/006.in
100000;5000;5000;10;0.80;2761;9739;0.80;11902;18065;tests/007.in
100000;5000;5000;10;0.80;2717;9787;0.80;12181;18086;tests/008.in
100000;5000;5000;10;0.80;2737;9764;0.80;12052;18065;tests/009.in
100000;5000;5000;10;0.80;2754;9749;0.80;12031;18052;tests/010.in
100000;5000;5000;10;0.80;2697;9813;0.80;12112;18155;tests/011.in
100000;5000;5000;10;0.80;2728;9772;0.80;12059;18229;tests/012.in
100000;5000;5000;10;0.80;2701;9808;0.80;11965;18055;tests/013.in
100000;5000;5000;10;0.80;2718;9786;0.80;12346;18368;tests/014.in
100000;5000;5000;10;0.80;2713;9796;0.80;12091;18336;tests/015.in
100000;5000;5000;10;0.80;2737;9764;0.80;12181;17839;tests/016.in
100000;5000;5000;10;0.80;2721;9781;0.80;12087;17790;tests/017.in
100000;5000;5000;10;0.80;2726;9791;0.80;12074;18260;tests/018.in
100000;5000;5000;10;0.80;2745;9756;0.80;11989;18244;tests/019.in
100000;5000;5000;10;0.80;2753;9751;0.80;12071;18178;tests/020.in
100000;5000;5000;10;0.80;2737;9767;0.80;11904;17980;tests/021.in
100000;5000;5000;10;0.80;2674;9828;0.80;12164;18158;tests/022.in
100000;5000;5000;10;0.80;2683;9830;0.80;12183;18239;tests/023.in
100000;5000;5000;10;0.80;2679;9826;0.80;12076;18399;tests/024.in
100000;5000;5000;10;0.80;2741;9761;0.80;11852;18128;tests/025.in
100000;5000;5000;10;0.80;2748;9756;0.80;12129;17929;tests/026.in
100000;5000;5000;10;0.80;2727;9778;0.80;12024;17929;tests/027.in
100000;5000;5000;10;0.80;2708;9795;0.80;12154;18324;tests/028.in
100000;5000;5000;10;0.80;2708;9792;0.80;12237;18066;tests/029.in
100000;5000;5000;10;0.80;2738;9769;0.80;12116;18185;tests/030.in
100000;5000;5000;10;0.80;2742;9761;0.80;11981;17898;tests/031.in
100000;5000;5000;10;0.80;2729;9780;0.80;12035;18118;tests/032.in
100000;5000;5000;10;0.80;2723;9780;0.80;12095;18085;tests/033.in
100000;5000;5000;10;0.80;2721;9782;0.80;12206;18111;tests/034.in
100000;5000;5000;10;0.80;2744;9762;0.80;12236;18089;tests/035.in
100000;5000;5000;10;0.80;2757;9747;0.80;11970;17763;tests/036.in
100000;5000;5000;10;0.80;2709;9796;0.80;12268;18079;tests/037.in
100000;5000;5000;10;0.80;2747;9756;0.80;12126;18024;tests/038.in
100000;5000;5000;10;0.80;2758;9746;0.80;12096;17974;tests/039.in
100000;5000;5000;10;0.80;2692;9811;0.80;12360;18078;tests/040.in
100000;5000;5000;10;0.80;2693;9812;0.80;12060;18315;tests/041.in
100000;5000;5000;10;0.80;2713;9788;0.80;12215;18199;tests/042.in
100000;5000;5000;10;0.80;2725;9778;0.80;12077;18141;tests/043.in
100000;5000;5000;10;0.80;2742;9760;0.80;12070;18041;tests/044.in
100000;5000;5000;10;0.80;2732;9777;0.80;12137;18036;tests/045.in
100000;5000;5000;10;0.80;2775;9727;0.80;11942;18166;tests/046.in
100000;5000;5000;10;0.80;2765;9738;0.80;12184;18115;tests/047.in
100000;5000;5000;10;0.80;2740;9763;0.80;12205;18107;tests/048.in
100000;5000;5000;10;0.80;2705;9798;0.80;12130;18129;tests/049.in
100000;5000;5000;10;0.80;2779;9721;0.80;11797;17733;tests/050.in
100000;5000;5000;10;0.90;1223;9890;0.90;20756;31801;tests/001.in
100000;5000;5000;10;0.90;1224;9892;0.90;20812;31806;tests/002.in
100000;5000;5000;10;0.90;1213;9904;0.90;20911;31713;tests/003.in
100000;5000;5000;10;0.90;1229;9887;0.90;21064;31762;tests/004.in
100000;5000;5000;10;0.90;1233;9879;0.90;20605;31846;tests/005.in
100000;5000;5000;10;0.90;1270;9851;0.90;21075;31842;tests/006.in
100000;5000;5000;10;0.90;1222;9903;0.90;21451;31799;tests/007.in
100000;5000;5000;10;0.90;1194;9919;0.90;21426;32065;tests/008.in
100000;5000;5000;10;0.90;1212;9903;0.90;20994;31825;tests/009.in
100000;5000;5000;10;0.90;1223;9897;0.90;21144;31635;tests/010.in
100000;5000;5000;10;0.90;1210;9902;0.90;20852;32159;tests/011.in
100000;5000;5000;10;0.90;1222;9898;0.90;20560;31618;tests/012.in
100000;5000;5000;10;0.90;1241;9881;0.90;20810;31911;tests/013.in
100000;5000;5000;10;0.90;1231;9882;0.90;20918;31613;tests/014.in
100000;5000;5000;10;0.90;1214;9898;0.90;20737;32124;tests/015.in
100000;5000;5000;10;0.90;1217;9902;0.90;21156;31686;tests/016.in
100000;5000;5000;10;0.90;1261;9877;0.90;20684;31391;tests/017.in
100000;5000;5000;10;0.90;1228;9887;0.90;21030;31894;tests/018.in
100000;5000;5000;10;0.90;1234;9878;0.90;21224;31648;tests/019.in
100000;5000;5000;10;0.90;1228;9894;0.90;20914;31376;tests/020.in
100000;5000;5000;10;0.90;1220;9894;0.90;21099;31786;tests/021.in
100000;5000;5000;10;0.90;1221;9895;0.90;20923;31732;tests/022.in
100000;5000;5000;10;0.90;1226;9896;0.90;20779;31965;tests/023.in
100000;5000;5000;10;0.90;1202;9915;0.90;21241;32399;tests/024.in
100000;5000;5000;10;0.90;1205;9907;0.90;20993;32295;tests/025.in
100000;5000;5000;10;0.90;1234;9890;0.90;20917;31607;tests/026.in
100000;5000;5000;10;0.90;1253;9859;0.90;21284;32142;tests/027.in
100000;5000;5000;10;0.90;1250;9867;0.90;21041;32076;tests/028.in
100000;5000;5000;10;0.90;1252;9860;0.90;20807;30959;tests/029.in
100000;5000;5000;10;0.90;1204;9915;0.90;21160;32133;tests/030.in
100000;5000;5000;10;0.90;1288;9829;0.90;20446;31289;tests/031.in
100000;5000;5000;10;0.90;1254;9864;0.90;20551;31698;tests/032.in
100000;5000;5000;10;0.90;1223;9890;0.90;21149;31703;tests/033.in
100000;5000;5000;10;0.90;1201;9914;0.90;21150;31528;tests/034.in
100000;5000;5000;10;0.90;1207;9907;0.90;20931;31771;tests/035.in
100000;5000;5000;10;0.90;1222;9895;0.90;20611;31137;tests/036.in
100000;5000;5000;10;0.90;1197;9933;0.90;21408;32151;tests/037.in
100000;5000;5000;10;0.90;1230;9889;0.90;21025;31619;tests/038.in
100000;5000;5000;10;0.90;1236;9880;0.90;21157;32075;tests/039.in
100000;5000;5000;10;0.90;1212;9914;0.90;21021;31551;tests/040.in
100000;5000;5000;10;0.90;1252;9861;0.90;20976;31177;tests/041.in
100000;5000;5000;10;0.90;1240;9876;0.90;21165;31835;tests/042.in
100000;5000;5000;10;0.90;1226;9886;0.90;21155;31873;tests/043.in
100000;5000;5000;10;0.90;1215;9910;0.90;20869;31791;tests/044.in
100000;5000;5000;10;0.90;1234;9887;0.90;20997;31866;tests/045.in
100000;5000;5000;10;0.90;1212;9910;0.90;21071;31921;tests/046.in
100000;5000;5000;10;0.90;1226;9888;0.90;21127;31477;tests/047.in
100000;5000;5000;10;0.90;1206;9911;0.90;21161;31761;tests/048.in
100000;5000;5000;10;0.90;1208;9904;0.90;21336;32216;tests/049.in
100000;5000;5000;10;0.90;1228;9885;0.90;20749;31593;tests/050.in
100000;5000;5000;25;0.60;5619;1053;0.60;5227;6296;tests/001.in
100000;5000;5000;25;0.60;5628;1040;0.60;5210;6302;tests/002.in
100000;5000;5000;25;0.60;5655;1012;0.60;5204;6231;tests/003.in
100000;5000;5000;25;0.60;5679;989;0.60;5209;6234;tests/004.in
100000;5000;5000;25;0.60;5679;988;0.60;5219;6176;tests/005.in
100000;5000;5000;25;0.60;5661;1006;0.60;5200;6194;tests/006.in
100000;5000;5000;25;0.60;5613;1054;0.60;5210;6300;tests/007.in
100000;5000;5000;25;0.60;5671;999;0.60;5231;6187;tests/008.in
100000;5000;5000;25;0.60;5593;1075;0.60;5217;6254;tests/009.in
100000;5000;5000;25;0.60;5710;957;0.60;5212;6177;tests/010.in
100000;5000;5000;25;0.60;5623;1045;0.60;5238;6247;tests/011.in
100000;5000;5000;25;0.60;5604;1066;0.60;5218;6291;tests/012.in
100000;5000;5000;25;0.60;5654;1018;0.60;5200;6254;tests/013.in
100000;5000;5000;25;0.60;5591;1076;0.60;5257;6340;tests/014.in
100000;5000;5000;25;0.60;5649;1021;0.60;5201;6228;tests/015.in
100000;5000;5000;25;0.60;5624;1043;0.60;5223;6276;tests/016.in
100000;5000;5000;25;0.60;5613;1055;0.60;5224;6297;tests/017.in
100000;5000;5000;25;0.60;5647;1021;0.60;5223;6248;tests/018.in
100000;5000;5000;25;0.60;5676;992;0.60;5197;6248;tests/019.in
100000;5000;5000;25;0.60;5657;1011;0.60;5218;6218;tests/020.in
100000;5000;5000;25;0.60;5641;1026;0.60;5222;6248;tests/021.in
100000;5000;5000;25;0.60;5666;1001;0.60;5191;6231;tests/022.in
100000;5000;5000;25;0.60;5663;1005;0.60;5241;6267;tests/023.in
100000;5000;5000;25;0.60;5664;1004;0.60;5199;6223;tests/024.in
100000;5000;5000;25;0.60;5628;1040;0.60;5212;6251;tests/025.in
100000;5000;5000;25;0.60;5623;1050;0.60;5233;6228;tests/026.in
100000;5000;5000;25;0.60;5663;1005;0.60;5220;6234;tests/027.in
100000;5000;5000;25;0.60;5572;1095;0.60;5221;6358;tests/028.in
100000;5000;5000;25;0.60;5605;1063;0.60;5213;6240;tests/029.in
100000;5000;5000;25;0.60;5629;1038;0.60;5215;6276;tests/030.in
100000;5000;5000;25;0.60;5659;1008;0.60;5203;6235;tests/031.in
100000;5000;5000;25;0.60;5694;975;0.60;5203;6217;tests/032.in
100000;5000;5000;25;0.60;5675;992;0.60;5228;6151;tests/033.in
100000;5000;5000;25;0.60;5657;1014;0.60;5212;6243;tests/034.in
100000;5000;5000;25;0.60;5663;1005;0.60;5227;6180;tests/035.in
100000;5000;5000;25;0.60;5616;1051;0.60;5204;6224;tests/036.in
100000;5000;5000;25;0.60;5618;1054;0.60;5238;6292;tests/037.in
100000;5000;5000;25;0.60;5602;1065;0.60;5213;6210;tests/038.in
100000;5000;5000;25;0.60;5617;1051;0.60;5235;6254;tests/039.in
100000;5000;5000;25;0.60;5595;1073;0.60;5239;6318;tests/040.in
100000;5000;5000;25;0.60;5711;960;0.60;5216;6178;tests/041.in
100000;5000;5000;25;0.60;5668;999;0.60;5196;6240;tests/042.in
100000;5000;5000;25;0.60;5621;1049;0.60;5236;6304;tests/043.in
100000;5000;5000;25;0.60;5637;1030;0.60;5236;6227;tests/044.in
100000;5000;5000;25;0.60;5635;1032;0.60;5228;6266;tests/045.in
100000;5000;5000;25;0.60;5672;995;0.60;5202;6241;tests/046.in
100000;5000;5000;25;0.60;5648;1022;0.60;5219;6248;tests/047.in
100000;5000;5000;25;0.60;5682;988;0.60;5232;6191;tests/048.in
100000;5000;5000;25;0.60;5622;1046;0.60;5209;6223;tests/049.in
100000;5000;5000;25;0.60;5599;1071;0.60;5214;6277;tests/050.in
100000;5000;5000;25;0.75;1247;4087;0.75;10756;16197;tests/001.in
100000;5000;5000;25;0.75;1302;4033;0.75;10526;16213;tests/002.in
100000;5000;5000;25;0.75;1360;3974;0.75;10421;16246;tests/003.in
100000;5000;5000;25;0.75;1254;4081;0.75;10721;16084;tests/004.in
100000;5000;5000;25;0.75;1332;4003;0.75;10556;16328;tests/005.in
100000;5000;5000;25;0.75;1381;3953;0.75;10472;16299;tests/006.in
100000;5000;5000;25;0.75;1384;3952;0.75;10471;16132;tests/007.in
100000;5000;5000;25;0.75;1274;4060;0.75;10712;16134;tests/008.in
100000;5000;5000;25;0.75;1272;4064;0.75;10749;16215;tests/009.in
100000;5000;5000;25;0.75;1279;4057;0.75;10808;16004;tests/010.in
100000;5000;5000;25;0.75;1268;4066;0.75;10725;16372;tests/011.in
100000;5000;5000;25;0.75;1264;4070;0.75;10682;16207;tests/012.in
100000;5000;5000;25;0.75;1296;4038;0.75;10708;16482;tests/013.in
100000;5000;5000;25;0.75;1312;4022;0.75;10679;16230;tests/014.in
100000;5000;5000;25;0.75;1255;4080;0.75;10679;16328;tests/015.in
100000;5000;5000;25;0.75;1293;4046;0.75;10762;16375;tests/016.in
100000;5000;5000;25;0.75;1279;4057;0.75;10594;16045;tests/017.in
100000;5000;5000;25;0.75;1339;3995;0.75;10595;16320;tests/018.in
100000;5000;5000;25;0.75;1283;4051;0.75;10792;16244;tests/019.in
100000;5000;5000;25;0.75;1243;4093;0.75;10719;16021;tests/020.in
100000;5000;5000;25;0.75;1272;4062;0.75;10658;16144;tests/021.in
100000;5000;5000;25;0.75;1304;4037;0.75;10760;16322;tests/022.in
100000;5000;5000;25;0.75;1286;4051;0.75;10715;16239;tests/023.in
100000;5000;5000;25;0.75;1253;4087;0.75;10776;16068;tests/024.in
100000;5000;5000;25;0.75;1293;4041;0.75;10612;16200;tests/025.in
100000;5000;5000;25;0.75;1260;4075;0.75;10662;15906;tests/026.in
100000;5000;5000;25;0.75;1301;4034;0.75;10840;16154;tests/027.in
100000;5000;5000;25;0.75;1266;4071;0.75;10739;16179;tests/028.in
100000;5000;5000;25;0.75;1254;4080;0.75;10703;16056;tests/029.in
100000;5000;5000;25;0.75;1295;4039;0.75;10610;16395;tests/030.in
100000;5000;5000;25;0.75;1325;4010;0.75;10643;16373;tests/031.in
100000;5000;5000;25;0.75;1463;3873;0.75;10088;15997;tests/032.in
100000;5000;5000;25;0.75;1249;4085;0.75;10741;15921;tests/033.in
100000;5000;5000;25;0.75;1290;4047;0.75;10611;16126;tests/034.in
100000;5000;5000;25;0.75;1276;4064;0.75;10692;16279;tests/035.in
100000;5000;5000;25;0.75;1394;3941;0.75;10390;16119;tests/036.in
100000;5000;5000;25;0.75;1322;4017;0.75;10638;16415;tests/037.in
100000;5000;5000;25;0.75;1265;4073;0.75;10930;16186;tests/038.in
100000;5000;5000;25;0.75;1270;4068;0.75;10800;16437;tests/039.in
100000;5000;5000;25;0.75;1335;4001;0.75;10726;16407;tests/040.in
100000;5000;5000;25;0.75;1290;4045;0.75;10757;16178;tests/041.in
100000;5000;5000;25;0.75;1365;3973;0.75;10400;16154;tests/042.in
100000;5000;5000;25;0.75;1239;4095;0.75;10821;16002;tests/043.in
100000;5000;5000;25;0.75;1274;4062;0.75;10634;16116;tests/044.in
100000;5000;5000;25;0.75;1266;4068;0.75;10791;16198;tests/045.in
100000;5000;5000;25;0.75;1277;4063;0.75;10515;16083;tests/046.in
100000;5000;5000;25;0.75;1244;4093;0.75;10813;16013;tests/047.in
100000;5000;5000;25;0.75;1365;3978;0.75;10458;16165;tests/048.in
100000;5000;5000;25;0.75;1285;4053;0.75;10797;16453;tests/049.in
100000;5000;5000;25;0.75;1293;4045;0.75;10560;16245;tests/050.in
100000;5000;5000;25;0.80;1049;3957;0.80;10865;15542;tests/001.in
100000;5000;5000;25;0.80;1040;3960;0.80;11041;15818;tests/002.in
100000;5000;5000;25;0.80;1021;3981;0.80;11075;15880;tests/003.in
100000;5000;5000;25;0.80;1036;3965;0.80;10973;15594;tests/004.in
100000;5000;5000;25;0.80;1033;3968;0.80;10946;15653;tests/005.in
100000;5000;5000;25;0.80;1022;3985;0.80;11190;16021;tests/006.in
100000;5000;5000;25;0.80;1050;3951;0.80;10978;15570;tests/007.in
100000;5000;5000;25;0.80;1032;3972;0.80;11006;15757;tests/008.in
100000;5000;5000;25;0.80;1039;3964;0.80;10946;15699;tests/009.in
100000;5000;5000;25;0.80;1026;3974;0.80;11041;15941;tests/010.in
100000;5000;5000;25;0.80;1008;3996;0.80;11314;16507;tests/011.in
100000;5000;5000;25;0.80;1046;3956;0.80;10931;15883;tests/012.in
100000;5000;5000;25;0.80;1033;3971;0.80;11017;15866;tests/013.in
100000;5000;5000;25;0.80;1029;3971;0.80;10993;15690;tests/014.in
100000;5000;5000;25;0.80;1008;3994;0.80;11332;16791;tests/015.in
100000;5000;5000;25;0.80;1027;3976;0.80;10993;15798;tests/016.in
100000;5000;5000;25;0.80;1025;3976;0.80;11104;15751;tests/017.in
100000;5000;5000;25;0.80;1041;3964;0.80;10947;15871;tests/018.in
100000;5000;5000;25;0.80;1030;3973;0.80;11083;15845;tests/019.in
100000;5000;5000;25;0.80;1027;3978;0.80;11066;15877;tests/020.in
100000;5000;5000;25;0.80;1020;3984;0.80;11001;15746;tests/021.in
100000;5000;5000;25;0.80;1036;3970;0.80;11026;15754;tests/022.in
100000;5000;5000;25;0.80;1035;3970;0.80;11115;15847;tests/023.in
100000;5000;5000;25;0.80;1028;3972;0.80;10989;15816;tests/024.in
100000;5000;5000;25;0.80;1012;3992;0.80;11381;16459;tests/025.in
100000;5000;5000;25;0.80;1034;3971;0.80;10897;15524;tests/026.in
100000;5000;5000;25;0.80;1018;3988;0.80;11205;16161;tests/027.in
100000;5000;5000;25;0.80;1023;3981;0.80;11037;15798;tests/028.in
100000;5000;5000;25;0.80;1011;3991;0.80;11202;16247;tests/029.in
100000;5000;5000;25;0.80;1026;3975;0.80;10947;15734;tests/030.in
100000;5000;5000;25;0.80;1049;3952;0.80;11064;15673;tests/031.in
100000;5000;5000;25;0.80;1020;3982;0.80;11042;16025;tests/032.in
100000;5000;5000;25;0.80;1035;3968;0.80;11057;15716;tests/033.in
100000;5000;5000;25;0.80;1018;3987;0.80;11184;16083;tests/034.in
100000;5000;5000;25;0.80;1035;3970;0.80;11037;15789;tests/035.in
100000;5000;5000;25;0.80;1047;3953;0.80;11008;15805;tests/036.in
100000;5000;5000;25;0.80;1022;3980;0.80;11035;15802;tests/037.in
100000;5000;5000;25;0.80;1022;3979;0.80;11083;15946;tests/038.in
100000;5000;5000;25;0.80;1054;3946;0.80;11048;15858;tests/039.in
100000;5000;5000;25;0.80;1051;3952;0.80;11047;15711;tests/040.in
100000;5000;5000;25;0.80;1034;3967;0.80;11048;15735;tests/041.in
100000;5000;5000;25;0.80;1034;3972;0.80;10951;15684;tests/042.in
100000;5000;5000;25;0.80;1046;3954;0.80;11112;15683;tests/043.in
100000;5000;5000;25;0.80;1048;3956;0.80;10830;15677;tests/044.in
100000;5000;5000;25;0.80;1058;3944;0.80;10944;15584;tests/045.in
100000;5000;5000;25;0.80;1024;3983;0.80;10890;15780;tests/046.in
100000;5000;5000;25;0.80;1035;3972;0.80;11102;15686;tests/047.in
100000;5000;5000;25;0.80;1005;4008;0.80;11382;16624;tests/048.in
100000;5000;5000;25;0.80;1037;3971;0.80;11108;15990;tests/049.in
100000;5000;5000;25;0.80;1032;3971;0.80;10862;15668;tests/050.in
100000;5000;5000;25;0.90;472;3978;0.90;20708;31965;tests/001.in
100000;5000;5000;25;0.90;479;3966;0.90;20673;31854;tests/002.in
100000;5000;5000;25;0.90;462;3990;0.90;21869;34053;tests/003.in
100000;5000;5000;25;0.90;480;3966;0.90;20855;31774;tests/004.in
100000;5000;5000;25;0.90;473;3973;0.90;20538;32511;tests/005.in
100000;5000;5000;25;0.90;467;3978;0.90;21273;33311;tests/006.in
100000;5000;5000;25;0.90;461;3991;0.90;22040;34434;tests/007.in
100000;5000;5000;25;0.90;466;3981;0.90;21815;33961;tests/008.in
100000;5000;5000;25;0.90;474;3974;0.90;21099;32723;tests/009.in
100000;5000;5000;25;0.90;478;3979;0.90;20698;31644;tests/010.in
100000;5000;5000;25;0.90;477;3971;0.90;20538;31825;tests/011.in
100000;5000;5000;25;0.90;476;3974;0.90;21356;31993;tests/012.in
100000;5000;5000;25;0.90;464;3981;0.90;21803;34014;tests/013.in
100000;5000;5000;25;0.90;453;3993;0.90;22688;35608;tests/014.in
100000;5000;5000;25;0.90;477;3968;0.90;19812;31808;tests/015.in
100000;5000;5000;25;0.90;463;3987;0.90;22448;34031;tests/016.in
100000;5000;5000;25;0.90;479;3976;0.90;20260;31815;tests/017.in
100000;5000;5000;25;0.90;475;3973;0.90;20914;31975;tests/018.in
100000;5000;5000;25;0.90;473;3980;0.90;20691;32637;tests/019.in
100000;5000;5000;25;0.90;463;3985;0.90;21710;34208;tests/020.in
100000;5000;5000;25;0.90;462;4002;0.90;21889;34959;tests/021.in
100000;5000;5000;25;0.90;466;3979;0.90;21666;33671;tests/022.in
100000;5000;5000;25;0.90;475;3970;0.90;20478;31874;tests/023.in
100000;5000;5000;25;0.90;473;3976;0.90;20865;32199;tests/024.in
100000;5000;5000;25;0.90;483;3976;0.90;20232;30714;tests/025.in
100000;5000;5000;25;0.90;476;3985;0.90;20823;32086;tests/026.in
100000;5000;5000;25;0.90;472;3975;0.90;21337;32230;tests/027.in
100000;5000;5000;25;0.90;463;3985;0.90;22150;34242;tests/028.in
100000;5000;5000;25;0.90;467;3980;0.90;21659;33802;tests/029.in
100000;5000;5000;25;0.90;482;3967;0.90;20534;31886;tests/030.in
100000;5000;5000;25;0.90;463;3986;0.90;22271;35236;tests/031.in
100000;5000;5000;25;0.90;465;3980;0.90;21523;33933;tests/032.in
100000;5000;5000;25;0.90;469;3980;0.90;21188;32770;tests/033.in
100000;5000;5000;25;0.90;474;3971;0.90;20790;31943;tests/034.in
100000;5000;5000;25;0.90;475;3978;0.90;20737;32997;tests/035.in
100000;5000;5000;25;0.90;461;3986;0.90;22107;35528;tests/036.in
100000;5000;5000;25;0.90;471;3974;0.90;21000;32411;tests/037.in
100000;5000;5000;25;0.90;479;3986;0.90;19963;30907;tests/038.in
100000;5000;5000;25;0.90;474;3978;0.90;21315;32432;tests/039.in
100000;5000;5000;25;0.90;485;3963;0.90;19711;30192;tests/040.in
100000;5000;5000;25;0.90;472;3981;0.90;20772;31990;tests/041.in
100000;5000;5000;25;0.90;472;3975;0.90;21151;32996;tests/042.in
100000;5000;5000;25;0.90;466;3983;0.90;21523;34052;tests/043.in
100000;5000;5000;25;0.90;472;3978;0.90;21132;32452;tests/044.in
100000;5000;5000;25;0.90;462;3988;0.90;21880;34887;tests/045.in
100000;5000;5000;25;0.90;474;3973;0.90;21122;32816;tests/046.in
100000;5000;5000;25;0.90;471;3983;0.90;21293;32942;tests/047.in
100000;5000;5000;25;0.90;465;3984;0.90;21615;33812;tests/048.in
100000;5000;5000;25;0.90;467;3987;0.90;21159;34189;tests/049.in
100000;5000;5000;25;0.90;471;3976;0.90;21568;32836;tests/050.in
100000;5000;5000;50;0.60;2858;479;0.60;5138;6221;tests/001.in
100000;5000;5000;50;0.60;2807;534;0.60;5150;6297;tests/002.in
100000;5000;5000;50;0.60;2849;488;0.60;5127;6260;tests/003.in
100000;5000;5000;50;0.60;2847;495;0.60;5147;6167;tests/004.in
100000;5000;5000;50;0.60;2861;483;0.60;5139;6147;tests/005.in
100000;5000;5000;50;0.60;2872;465;0.60;5138;6123;tests/006.in
100000;5000;5000;50;0.60;2854;488;0.60;5137;6184;tests/007.in
100000;5000;5000;50;0.60;2848;495;0.60;5146;6184;tests/008.in
100000;5000;5000;50;0.60;2856;492;0.60;5139;6181;tests/009.in
100000;5000;5000;50;0.60;2853;496;0.60;5123;6213;tests/010.in
100000;5000;5000;50;0.60;2849;494;0.60;5136;6145;tests/011.in
100000;5000;5000;50;0.60;2823;516;0.60;5154;6317;tests/012.in
100000;5000;5000;50;0.60;2866;469;0.60;5130;6136;tests/013.in
100000;5000;5000;50;0.60;2826;509;0.60;5154;6263;tests/014.in
100000;5000;5000;50;0.60;2841;497;0.60;5134;6228;tests/015.in
100000;5000;5000;50;0.60;2876;466;0.60;5128;6104;tests/016.in
100000;5000;5000;50;0.60;2862;476;0.60;5129;6125;tests/017.in
100000;5000;5000;50;0.60;2844;497;0.60;5141;6242;tests/018.in
100000;5000;5000;50;0.60;2840;496;0.60;5125;6218;tests/019.in
100000;5000;5000;50;0.60;2857;490;0.60;5168;6187;tests/020.in
100000;5000;5000;50;0.60;2853;488;0.60;5146;6191;tests/021.in
100000;5000;5000;50;0.60;2834;501;0.60;5160;6265;tests/022.in
100000;5000;5000;50;0.60;2857;481;0.60;5146;6180;tests/023.in
100000;5000;5000;50;0.60;2851;491;0.60;5125;6199;tests/024.in
100000;5000;5000;50;0.60;2850;492;0.60;5127;6229;tests/025.in
100000;5000;5000;50;0.60;2824;522;0.60;5156;6292;tests/026.in
100000;5000;5000;50;0.60;2865;474;0.60;5137;6122;tests/027.in
100000;5000;5000;50;0.60;2878;458;0.60;5154;6108;tests/028.in
100000;5000;5000;50;0.60;2835;512;0.60;5129;6235;tests/029.in
100000;5000;5000;50;0.60;2846;500;0.60;5149;6246;tests/030.in
100000;5000;5000;50;0.60;2875;463;0.60;5130;6092;tests/031.in
100000;5000;5000;50;0.60;2875;481;0.60;5128;6198;tests/032.in
100000;5000;5000;50;0.60;2862;487;0.60;5140;6197;tests/033.in
100000;5000;5000;50;0.60;2821;521;0.60;5142;6250;tests/034.in
100000;5000;5000;50;0.60;2826;511;0.60;5157;6204;tests/035.in
100000;5000;5000;50;0.60;2855;491;0.60;5128;6148;tests/036.in
100000;5000;5000;50;0.60;2843;492;0.60;5165;6132;tests/037.in
100000;5000;5000;50;0.60;2856;500;0.60;5136;6166;tests/038.in
100000;5000;5000;50;0.60;2856;483;0.60;5148;6164;tests/039.in
100000;5000;5000;50;0.60;2834;524;0.60;5155;6287;tests/040.in
100000;5000;5000;50;0.60;2820;525;0.60;5151;6331;tests/041.in
100000;5000;5000;50;0.60;2843;499;0.60;5122;6272;tests/042.in
100000;5000;5000;50;0.60;2832;515;0.60;5138;6313;tests/043.in
100000;5000;5000;50;0.60;2845;503;0.60;5133;6202;tests/044.in
100000;5000;5000;50;0.60;2846;497;0.60;5149;6217;tests/045.in
100000;5000;5000;50;0.60;2852;483;0.60;5136;6204;tests/046.in
100000;5000;5000;50;0.60;2835;501;0.60;5126;6251;tests/047.in
100000;5000;5000;50;0.60;2853;491;0.60;5140;6252;tests/048.in
100000;5000;5000;50;0.60;2811;529;0.60;5141;6246;tests/049.in
100000;5000;5000;50;0.60;2836;508;0.60;5152;6177;tests/050.in
100000;5000;5000;50;0.75;2090;784;0.70;5230;6997;tests/001.in
100000;5000;5000;50;0.75;2096;810;0.69;5223;6931;tests/002.in
100000;5000;5000;50;0.75;2094;780;0.70;5204;7004;tests/003.in
100000;5000;5000;50;0.75;2097;794;0.69;5217;6914;tests/004.in
100000;5000;5000;50;0.75;2111;785;0.69;5241;6861;tests/005.in
100000;5000;5000;50;0.75;2110;774;0.69;5224;6889;tests/006.in
100000;5000;5000;50;0.75;2111;790;0.69;5197;6937;tests/007.in
100000;5000;5000;50;0.75;2101;804;0.69;5244;6905;tests/008.in
100000;5000;5000;50;0.75;2104;772;0.70;5215;6809;tests/009.in
100000;5000;5000;50;0.75;2101;782;0.69;5213;6898;tests/010.in
100000;5000;5000;50;0.75;2098;789;0.69;5211;6890;tests/011.in
100000;5000;5000;50;0.75;2107;794;0.69;5218;7040;tests/012.in
100000;5000;5000;50;0.75;2100;786;0.69;5212;6917;tests/013.in
100000;5000;5000;50;0.75;2097;802;0.69;5242;6956;tests/014.in
100000;5000;5000;50;0.75;2103;803;0.69;5219;6940;tests/015.in
100000;5000;5000;50;0.75;2092;771;0.70;5224;6837;tests/016.in
100000;5000;5000;50;0.75;2096;779;0.70;5225;6866;tests/017.in
100000;5000;5000;50;0.75;2110;802;0.69;5215;7015;tests/018.in
100000;5000;5000;50;0.75;2111;797;0.69;5199;6951;tests/019.in
100000;5000;5000;50;0.75;2096;799;0.69;5251;6917;tests/020.in
100000;5000;5000;50;0.75;2108;789;0.69;5244;6972;tests/021.in
100000;5000;5000;50;0.75;2097;779;0.70;5244;6956;tests/022.in
100000;5000;5000;50;0.75;2093;794;0.69;5234;6926;tests/023.in
100000;5000;5000;50;0.75;2121;777;0.69;5190;6887;tests/024.in
100000;5000;5000;50;0.75;2098;805;0.69;5213;6947;tests/025.in
100000;5000;5000;50;0.75;783;1885;0.75;9806;15372;tests/026.in
100000;5000;5000;50;0.75;2108;780;0.69;5229;6867;tests/027.in
100000;5000;5000;50;0.75;616;2052;0.75;10683;16018;tests/028.in
100000;5000;5000;50;0.75;2118;817;0.68;5197;6935;tests/029.in
100000;5000;5000;50;0.75;2101;786;0.69;5229;6939;tests/030.in
100000;5000;5000;50;0.75;2088;787;0.70;5217;6882;tests/031.in
100000;5000;5000;50;0.75;2121;802;0.68;5228;6949;tests/032.in
100000;5000;5000;50;0.75;2105;792;0.69;5226;6917;tests/033.in
100000;5000;5000;50;0.75;2109;783;0.69;5201;6898;tests/034.in
100000;5000;5000;50;0.75;2113;800;0.69;5232;6888;tests/035.in
100000;5000;5000;50;0.75;2086;795;0.69;5209;6909;tests/036.in
100000;5000;5000;50;0.75;2091;801;0.69;5264;6916;tests/037.in
100000;5000;5000;50;0.75;2090;813;0.69;5216;6903;tests/038.in
100000;5000;5000;50;0.75;2100;792;0.69;5220;6951;tests/039.in
100000;5000;5000;50;0.75;2100;805;0.69;5224;6946;tests/040.in
100000;5000;5000;50;0.75;2093;820;0.69;5240;6980;tests/041.in
100000;5000;5000;50;0.75;2102;795;0.69;5215;7001;tests/042.in
100000;5000;5000;50;0.75;650;2019;0.75;10762;16427;tests/043.in
100000;5000;5000;50;0.75;2107;797;0.69;5196;6894;tests/044.in
100000;5000;5000;50;0.75;2096;784;0.69;5239;6918;tests/045.in
100000;5000;5000;50;0.75;2105;775;0.69;5222;6935;tests/046.in
100000;5000;5000;50;0.75;2094;802;0.69;5230;6975;tests/047.in
100000;5000;5000;50;0.75;2110;787;0.69;5213;6948;tests/048.in
100000;5000;5000;50;0.75;2104;812;0.69;5228;6930;tests/049.in
100000;5000;5000;50;0.75;2102;796;0.69;5225;6886;tests/050.in
100000;5000;5000;50;0.80;520;1980;0.80;10895;15736;tests/001.in
100000;5000;5000;50;0.80;547;1958;0.80;10925;16279;tests/002.in
100000;5000;5000;50;0.80;539;1964;0.80;10991;16329;tests/003.in
100000;5000;5000;50;0.80;527;1974;0.80;11056;15814;tests/004.in
100000;5000;5000;50;0.80;531;1971;0.80;10803;15523;tests/005.in
100000;5000;5000;50;0.80;540;1967;0.80;11002;16027;tests/006.in
100000;5000;5000;50;0.80;560;1942;0.80;10933;16587;tests/007.in
100000;5000;5000;50;0.80;528;1975;0.80;11054;15729;tests/008.in
100000;5000;5000;50;0.80;528;1973;0.80;10986;16061;tests/009.in
100000;5000;5000;50;0.80;519;1985;0.80;11235;15999;tests/010.in
100000;5000;5000;50;0.80;519;1988;0.80;11028;15870;tests/011.in
100000;5000;5000;50;0.80;536;1971;0.80;11071;16148;tests/012.in
100000;5000;5000;50;0.80;541;1959;0.80;10854;15876;tests/013.in
100000;5000;5000;50;0.80;519;1987;0.80;11041;15874;tests/014.in
100000;5000;5000;50;0.80;524;1979;0.80;10928;16038;tests/015.in
100000;5000;5000;50;0.80;522;1982;0.80;11080;16040;tests/016.in
100000;5000;5000;50;0.80;545;1956;0.80;10765;15837;tests/017.in
100000;5000;5000;50;0.80;528;1977;0.80;11022;15854;tests/018.in
100000;5000;5000;50;0.80;518;1983;0.80;10952;15735;tests/019.in
100000;5000;5000;50;0.80;530;1974;0.80;10931;15899;tests/020.in
100000;5000;5000;50;0.80;540;1962;0.80;11067;15958;tests/021.in
100000;5000;5000;50;0.80;550;1950;0.80;11004;16352;tests/022.in
100000;5000;5000;50;0.80;539;1961;0.80;11035;15673;tests/023.in
100000;5000;5000;50;0.80;519;1983;0.80;10875;15753;tests/024.in
100000;5000;5000;50;0.80;529;1973;0.80;10956;15687;tests/025.in
100000;5000;5000;50;0.80;527;1976;0.80;10886;15662;tests/026.in
100000;5000;5000;50;0.80;543;1962;0.80;10826;16038;tests/027.in
100000;5000;5000;50;0.80;513;1987;0.80;11136;16077;tests/028.in
100000;5000;5000;50;0.80;514;1992;0.80;11048;15831;tests/029.in
100000;5000;5000;50;0.80;516;1986;0.80;11030;16151;tests/030.in
100000;5000;5000;50;0.80;546;1955;0.80;10913;16058;tests/031.in
100000;5000;5000;50;0.80;544;1957;0.80;10993;16165;tests/032.in
100000;5000;5000;50;0.80;518;1982;0.80;10939;15669;tests/033.in
100000;5000;5000;50;0.80;530;1979;0.80;10833;15580;tests/034.in
100000;5000;5000;50;0.80;543;1960;0.80;10940;16185;tests/035.in
100000;5000;5000;50;0.80;533;1970;0.80;10998;16059;tests/036.in
100000;5000;5000;50;0.80;559;1946;0.80;10955;16226;tests/037.in
100000;5000;5000;50;0.80;523;1977;0.80;10920;15893;tests/038.in
100000;5000;5000;50;0.80;531;1971;0.80;10995;16092;tests/039.in
100000;5000;5000;50;0.80;547;1970;0.79;11059;16076;tests/040.in
100000;5000;5000;50;0.80;544;1958;0.80;11075;15928;tests/041.in
100000;5000;5000;50;0.80;516;1986;0.80;10929;15770;tests/042.in
100000;5000;5000;50;0.80;530;1973;0.80;10866;15766;tests/043.in
100000;5000;5000;50;0.80;516;1989;0.80;10984;15901;tests/044.in
100000;5000;5000;50;0.80;510;1991;0.80;11221;16269;tests/045.in
100000;5000;5000;50;0.80;527;1975;0.80;11022;15783;tests/046.in
100000;5000;5000;50;0.80;523;1978;0.80;11039;15916;tests/047.in
100000;5000;5000;50;0.80;510;1993;0.80;10922;15933;tests/048.in
100000;5000;5000;50;0.80;536;1967;0.80;11026;16197;tests/049.in
100000;5000;5000;50;0.80;536;1967;0.80;10962;15913;tests/050.in
100000;5000;5000;50;0.90;247;1982;0.90;19011;28753;tests/001.in
100000;5000;5000;50;0.90;237;1989;0.90;21107;33009;tests/002.in
100000;5000;5000;50;0.90;231;1994;0.90;22025;35072;tests/003.in
100000;5000;5000;50;0.90;242;1983;0.90;20117;30929;tests/004.in
100000;5000;5000;50;0.90;243;1982;0.90;19251;29379;tests/005.in
100000;5000;5000;50;0.90;247;1981;0.90;18975;28622;tests/006.in
100000;5000;5000;50;0.90;237;1991;0.90;21279;32604;tests/007.in
100000;5000;5000;50;0.90;235;1988;0.90;21341;33552;tests/008.in
100000;5000;5000;50;0.90;240;1988;0.90;20452;31860;tests/009.in
100000;5000;5000;50;0.90;236;1988;0.90;20979;33109;tests/010.in
100000;5000;5000;50;0.90;239;1992;0.90;20473;31907;tests/011.in
100000;5000;5000;50;0.90;244;1981;0.90;19656;29663;tests/012.in
100000;5000;5000;50;0.90;250;1975;0.90;18739;27731;tests/013.in
100000;5000;5000;50;0.90;241;1986;0.90;20457;30771;tests/014.in
100000;5000;5000;50;0.90;231;1995;0.90;21777;34737;tests/015.in
100000;5000;5000;50;0.90;241;1989;0.90;20299;30607;tests/016.in
100000;5000;5000;50;0.90;233;2000;0.90;22000;34420;tests/017.in
100000;5000;5000;50;0.90;235;1988;0.90;21395;33278;tests/018.in
100000;5000;5000;50;0.90;238;1990;0.90;19993;31225;tests/019.in
100000;5000;5000;50;0.90;239;1986;0.90;20727;31434;tests/020.in
100000;5000;5000;50;0.90;237;1989;0.90;21008;32134;tests/021.in
100000;5000;5000;50;0.90;239;1989;0.90;20557;32071;tests/022.in
100000;5000;5000;50;0.90;238;1987;0.90;20627;32244;tests/023.in
100000;5000;5000;50;0.90;239;1988;0.90;20400;32205;tests/024.in
100000;5000;5000;50;0.90;239;1990;0.90;21187;32625;tests/025.in
100000;5000;5000;50;0.90;247;1977;0.90;19370;29327;tests/026.in
100000;5000;5000;50;0.90;246;1983;0.90;19205;28865;tests/027.in
100000;5000;5000;50;0.90;232;1991;0.90;21741;34288;tests/028.in
100000;5000;5000;50;0.90;230;1996;0.90;22104;34840;tests/029.in
100000;5000;5000;50;0.90;236;1991;0.90;21543;33447;tests/030.in
100000;5000;5000;50;0.90;242;1982;0.90;20169;30975;tests/031.in
100000;5000;5000;50;0.90;235;1988;0.90;21300;33574;tests/032.in
100000;5000;5000;50;0.90;238;1988;0.90;21144;32221;tests/033.in
100000;5000;5000;50;0.90;238;1987;0.90;20598;32458;tests/034.in
100000;5000;5000;50;0.90;230;2000;0.90;22550;35070;tests/035.in
100000;5000;5000;50;0.90;226;2002;0.90;23177;36787;tests/036.in
100000;5000;5000;50;0.90;240;1984;0.90;20186;31702;tests/037.in
100000;5000;5000;50;0.90;237;1987;0.90;21104;32683;tests/038.in
100000;5000;5000;50;0.90;242;1985;0.90;20479;31399;tests/039.in
100000;5000;5000;50;0.90;246;1995;0.89;19361;29779;tests/040.in
100000;5000;5000;50;0.90;232;1998;0.90;21179;33939;tests/041.in
100000;5000;5000;50;0.90;237;1990;0.90;21276;32585;tests/042.in
100000;5000;5000;50;0.90;238;1987;0.90;21103;32863;tests/043.in
100000;5000;5000;50;0.90;241;1992;0.90;20446;31402;tests/044.in
100000;5000;5000;50;0.90;243;1980;0.90;19811;30341;tests/045.in
100000;5000;5000;50;0.90;231;1997;0.90;21741;33974;tests/046.in
100000;5000;5000;50;0.90;242;1983;0.90;20342;30969;tests/047.in
100000;5000;5000;50;0.90;243;1985;0.90;19841;30477;tests/048.in
100000;5000;5000;50;0.90;244;1993;0.89;19695;30904;tests/049.in
100000;5000;5000;50;0.90;235;1994;0.90;21408;33191;tests/050.in
100000;5000;5000;100;0.60;1451;246;0.59;5082;6233;tests/001.in
100000;5000;5000;100;0.60;1472;219;0.59;5078;6077;tests/002.in
100000;5000;5000;100;0.60;1477;203;0.60;5083;6011;tests/003.in
100000;5000;5000;100;0.60;1486;196;0.59;5077;5959;tests/004.in
100000;5000;5000;100;0.60;1480;202;0.59;5068;5965;tests/005.in
100000;5000;5000;100;0.60;1470;221;0.59;5070;6093;tests/006.in
100000;5000;5000;100;0.60;1455;233;0.59;5090;6196;tests/007.in
100000;5000;5000;100;0.60;1459;230;0.59;5107;6122;tests/008.in
100000;5000;5000;100;0.60;1466;214;0.60;5086;6059;tests/009.in
100000;5000;5000;100;0.60;1468;217;0.59;5079;6059;tests/010.in
100000;5000;5000;100;0.60;1479;228;0.59;5070;6115;tests/011.in
100000;5000;5000;100;0.60;1474;218;0.59;5087;6128;tests/012.in
100000;5000;5000;100;0.60;1465;222;0.59;5087;6107;tests/013.in
100000;5000;5000;100;0.60;1452;237;0.59;5104;6170;tests/014.in
100000;5000;5000;100;0.60;1475;219;0.59;5072;6080;tests/015.in
100000;5000;5000;100;0.60;1463;226;0.59;5093;6078;tests/016.in
100000;5000;5000;100;0.60;1479;220;0.59;5070;6098;tests/017.in
100000;5000;5000;100;0.60;1473;213;0.59;5096;6126;tests/018.in
100000;5000;5000;100;0.60;1455;226;0.59;5085;6138;tests/019.in
100000;5000;5000;100;0.60;1477;205;0.59;5082;6008;tests/020.in
100000;5000;5000;100;0.60;1460;224;0.59;5080;6085;tests/021.in
100000;5000;5000;100;0.60;1472;216;0.59;5104;6044;tests/022.in
100000;5000;5000;100;0.60;1464;224;0.59;5094;6063;tests/023.in
100000;5000;5000;100;0.60;1458;235;0.59;5094;6190;tests/024.in
100000;5000;5000;100;0.60;1459;212;0.60;5089;6086;tests/025.in
100000;5000;5000;100;0.60;1478;203;0.59;5081;5979;tests/026.in
100000;5000;5000;100;0.60;1470;221;0.59;5087;6053;tests/027.in
100000;5000;5000;100;0.60;1471;219;0.59;5089;6039;tests/028.in
100000;5000;5000;100;0.60;1475;223;0.59;5072;6047;tests/029.in
100000;5000;5000;100;0.60;1466;219;0.59;5080;6127;tests/030.in
100000;5000;5000;100;0.60;1478;213;0.59;5087;6017;tests/031.in
100000;5000;5000;100;0.60;1470;211;0.59;5082;6041;tests/032.in
100000;5000;5000;100;0.60;1486;205;0.59;5077;5993;tests/033.in
100000;5000;5000;100;0.60;1473;223;0.59;5081;6049;tests/034.in
100000;5000;5000;100;0.60;1463;209;0.60;5096;6019;tests/035.in
100000;5000;5000;100;0.60;1472;217;0.59;5067;6038;tests/036.in
100000;5000;5000;100;0.60;1462;233;0.59;5089;6095;tests/037.in
100000;5000;5000;100;0.60;1484;199;0.59;5081;5962;tests/038.in
100000;5000;5000;100;0.60;1458;247;0.59;5093;6221;tests/039.in
100000;5000;5000;100;0.60;1460;246;0.59;5100;6209;tests/040.in
100000;5000;5000;100;0.60;1458;214;0.60;5077;6008;tests/041.in
100000;5000;5000;100;0.60;1479;220;0.59;5089;6140;tests/042.in
100000;5000;5000;100;0.60;1475;227;0.59;5096;6121;tests/043.in
100000;5000;5000;100;0.60;1465;220;0.59;5077;6061;tests/044.in
100000;5000;5000;100;0.60;1468;212;0.60;5096;6070;tests/045.in
100000;5000;5000;100;0.60;1479;213;0.59;5063;6028;tests/046.in
100000;5000;5000;100;0.60;1469;211;0.60;5102;6031;tests/047.in
100000;5000;5000;100;0.60;1468;233;0.59;5077;6178;tests/048.in
100000;5000;5000;100;0.60;1467;221;0.59;5079;6076;tests/049.in
100000;5000;5000;100;0.60;1464;223;0.59;5085;6053;tests/050.in
100000;5000;5000;100;0.75;1123;360;0.67;5120;6807;tests/001.in
100000;5000;5000;100;0.75;1121;356;0.68;5139;6716;tests/002.in
100000;5000;5000;100;0.75;1120;342;0.68;5117;6721;tests/003.in
100000;5000;5000;100;0.75;1119;355;0.68;5131;6726;tests/004.in
100000;5000;5000;100;0.75;1115;346;0.68;5121;6697;tests/005.in
100000;5000;5000;100;0.75;1126;367;0.67;5124;6807;tests/006.in
100000;5000;5000;100;0.75;1127;365;0.67;5119;6842;tests/007.in
100000;5000;5000;100;0.75;1121;360;0.68;5154;6746;tests/008.in
100000;5000;5000;100;0.75;1120;340;0.68;5121;6662;tests/009.in
100000;5000;5000;100;0.75;1135;350;0.67;5123;6705;tests/010.in
100000;5000;5000;100;0.75;1117;357;0.68;5119;6754;tests/011.in
100000;5000;5000;100;0.75;1111;362;0.68;5131;6851;tests/012.in
100000;5000;5000;100;0.75;1120;347;0.68;5132;6719;tests/013.in
100000;5000;5000;100;0.75;1116;359;0.68;5153;6770;tests/014.in
100000;5000;5000;100;0.75;1117;370;0.67;5130;6829;tests/015.in
100000;5000;5000;100;0.75;1121;356;0.68;5152;6723;tests/016.in
100000;5000;5000;100;0.75;1129;359;0.67;5123;6783;tests/017.in
100000;5000;5000;100;0.75;1130;337;0.68;5129;6744;tests/018.in
100000;5000;5000;100;0.75;1123;354;0.68;5129;6789;tests/019.in
100000;5000;5000;100;0.75;1121;351;0.68;5134;6677;tests/020.in
100000;5000;5000;100;0.75;1115;357;0.68;5133;6759;tests/021.in
100000;5000;5000;100;0.75;1114;351;0.68;5161;6723;tests/022.in
100000;5000;5000;100;0.75;1122;350;0.68;5138;6676;tests/023.in
100000;5000;5000;100;0.75;1126;345;0.68;5128;6702;tests/024.in
100000;5000;5000;100;0.75;1115;342;0.69;5152;6767;tests/025.in
100000;5000;5000;100;0.75;1116;350;0.68;5134;6679;tests/026.in
100000;5000;5000;100;0.75;1130;341;0.68;5125;6644;tests/027.in
100000;5000;5000;100;0.75;1121;342;0.68;5139;6622;tests/028.in
100000;5000;5000;100;0.75;1118;370;0.67;5124;6761;tests/029.in
100000;5000;5000;100;0.75;1123;343;0.68;5132;6710;tests/030.in
100000;5000;5000;100;0.75;1117;361;0.68;5146;6737;tests/031.in
100000;5000;5000;100;0.75;1129;336;0.68;5136;6660;tests/032.in
100000;5000;5000;100;0.75;1141;325;0.68;5132;6571;tests/033.in
100000;5000;5000;100;0.75;1131;344;0.68;5128;6614;tests/034.in
100000;5000;5000;100;0.75;1117;345;0.68;5154;6675;tests/035.in
100000;5000;5000;100;0.75;1119;345;0.68;5121;6665;tests/036.in
100000;5000;5000;100;0.75;1123;363;0.67;5141;6753;tests/037.in
100000;5000;5000;100;0.75;1126;337;0.68;5138;6625;tests/038.in
100000;5000;5000;100;0.75;1120;367;0.67;5134;6812;tests/039.in
100000;5000;5000;100;0.75;1128;365;0.67;5154;6785;tests/040.in
100000;5000;5000;100;0.75;1115;348;0.68;5127;6659;tests/041.in
100000;5000;5000;100;0.75;1136;353;0.67;5128;6760;tests/042.in
100000;5000;5000;100;0.75;1125;347;0.68;5143;6710;tests/043.in
100000;5000;5000;100;0.75;1127;354;0.68;5126;6698;tests/044.in
100000;5000;5000;100;0.75;1134;335;0.68;5157;6688;tests/045.in
100000;5000;5000;100;0.75;1133;355;0.67;5126;6727;tests/046.in
100000;5000;5000;100;0.75;1122;360;0.67;5166;6758;tests/047.in
100000;5000;5000;100;0.75;1131;349;0.68;5112;6757;tests/048.in
100000;5000;5000;100;0.75;1120;350;0.68;5133;6710;tests/049.in
100000;5000;5000;100;0.75;1123;357;0.68;5137;6697;tests/050.in
100000;5000;5000;100;0.80;1048;396;0.69;5130;6982;tests/001.in
100000;5000;5000;100;0.80;1041;390;0.70;5154;6890;tests/002.in
100000;5000;5000;100;0.80;1041;368;0.71;5128;6858;tests/003.in
100000;5000;5000;100;0.80;1039;384;0.70;5145;6843;tests/004.in
100000;5000;5000;100;0.80;1039;371;0.71;5129;6804;tests/005.in
100000;5000;5000;100;0.80;1049;399;0.69;5132;6961;tests/006.in
100000;5000;5000;100;0.80;1051;391;0.69;5125;6982;tests/007.in
100000;5000;5000;100;0.80;1043;391;0.70;5163;6892;tests/008.in
100000;5000;5000;100;0.80;1036;370;0.71;5129;6804;tests/009.in
100000;5000;5000;100;0.80;1055;383;0.70;5134;6866;tests/010.in
100000;5000;5000;100;0.80;1035;394;0.70;5127;6902;tests/011.in
100000;5000;5000;100;0.80;1034;390;0.70;5148;6976;tests/012.in
100000;5000;5000;100;0.80;1044;374;0.71;5139;6821;tests/013.in
100000;5000;5000;100;0.80;1034;388;0.70;5156;6896;tests/014.in
100000;5000;5000;100;0.80;1040;401;0.69;5135;6986;tests/015.in
100000;5000;5000;100;0.80;1046;384;0.70;5159;6864;tests/016.in
100000;5000;5000;100;0.80;1046;386;0.70;5137;6908;tests/017.in
100000;5000;5000;100;0.80;1046;369;0.71;5141;6900;tests/018.in
100000;5000;5000;100;0.80;1046;383;0.70;5141;6928;tests/019.in
100000;5000;5000;100;0.80;1044;377;0.70;5143;6800;tests/020.in
100000;5000;5000;100;0.80;1043;375;0.71;5137;6844;tests/021.in
100000;5000;5000;100;0.80;1032;378;0.71;5176;6840;tests/022.in
100000;5000;5000;100;0.80;1045;380;0.70;5149;6823;tests/023.in
100000;5000;5000;100;0.80;265;986;0.80;10934;15771;tests/024.in
100000;5000;5000;100;0.80;1033;371;0.71;5158;6879;tests/025.in
100000;5000;5000;100;0.80;272;982;0.80;10989;15995;tests/026.in
100000;5000;5000;100;0.80;1046;375;0.70;5145;6805;tests/027.in
100000;5000;5000;100;0.80;1036;377;0.71;5157;6805;tests/028.in
100000;5000;5000;100;0.80;1038;403;0.69;5135;6895;tests/029.in
100000;5000;5000;100;0.80;1042;379;0.70;5146;6872;tests/030.in
100000;5000;5000;100;0.80;1042;390;0.70;5155;6885;tests/031.in
100000;5000;5000;100;0.80;1049;367;0.71;5142;6806;tests/032.in
100000;5000;5000;100;0.80;348;915;0.79;10492;16525;tests/033.in
100000;5000;5000;100;0.80;1053;373;0.70;5132;6763;tests/034.in
100000;5000;5000;100;0.80;1034;379;0.71;5168;6841;tests/035.in
100000;5000;5000;100;0.80;815;512;0.75;6125;8634;tests/036.in
100000;5000;5000;100;0.80;1047;391;0.70;5155;6879;tests/037.in
100000;5000;5000;100;0.80;1039;375;0.71;5147;6803;tests/038.in
100000;5000;5000;100;0.80;1042;396;0.70;5147;6962;tests/039.in
100000;5000;5000;100;0.80;1053;387;0.69;5160;6906;tests/040.in
100000;5000;5000;100;0.80;356;897;0.80;10379;16617;tests/041.in
100000;5000;5000;100;0.80;1053;389;0.69;5143;6931;tests/042.in
100000;5000;5000;100;0.80;1045;375;0.70;5154;6830;tests/043.in
100000;5000;5000;100;0.80;274;983;0.80;10837;16083;tests/044.in
100000;5000;5000;100;0.80;1052;370;0.70;5168;6839;tests/045.in
100000;5000;5000;100;0.80;1054;382;0.70;5139;6859;tests/046.in
100000;5000;5000;100;0.80;281;981;0.79;11149;16743;tests/047.in
100000;5000;5000;100;0.80;277;977;0.80;10841;16018;tests/048.in
100000;5000;5000;100;0.80;1043;372;0.71;5144;6808;tests/049.in
100000;5000;5000;100;0.80;1047;390;0.70;5143;6859;tests/050.in
100000;5000;5000;100;0.90;125;990;0.90;18489;28369;tests/001.in
100000;5000;5000;100;0.90;127;988;0.90;18512;28001;tests/002.in
100000;5000;5000;100;0.90;128;986;0.90;17976;27099;tests/003.in
100000;5000;5000;100;0.90;124;996;0.89;18650;28405;tests/004.in
100000;5000;5000;100;0.90;126;988;0.90;18469;28057;tests/005.in
100000;5000;5000;100;0.90;134;984;0.89;18039;27415;tests/006.in
100000;5000;5000;100;0.90;129;984;0.90;18080;27442;tests/007.in
100000;5000;5000;100;0.90;119;994;0.90;21124;33489;tests/008.in
100000;5000;5000;100;0.90;129;987;0.90;17795;26546;tests/009.in
100000;5000;5000;100;0.90;119;995;0.90;20592;32365;tests/010.in
100000;5000;5000;100;0.90;118;994;0.90;21035;32707;tests/011.in
100000;5000;5000;100;0.90;119;994;0.90;21385;32830;tests/012.in
100000;5000;5000;100;0.90;127;990;0.90;18342;26801;tests/013.in
100000;5000;5000;100;0.90;118;994;0.90;21489;32939;tests/014.in
100000;5000;5000;100;0.90;130;982;0.90;17498;26402;tests/015.in
100000;5000;5000;100;0.90;126;988;0.90;18253;27001;tests/016.in
100000;5000;5000;100;0.90;122;992;0.90;19947;30417;tests/017.in
100000;5000;5000;100;0.90;123;991;0.90;19376;29191;tests/018.in
100000;5000;5000;100;0.90;125;989;0.90;18824;29363;tests/019.in
100000;5000;5000;100;0.90;117;999;0.90;21511;33538;tests/020.in
100000;5000;5000;100;0.90;124;989;0.90;19431;29201;tests/021.in
100000;5000;5000;100;0.90;125;987;0.90;19184;29056;tests/022.in
100000;5000;5000;100;0.90;118;994;0.90;21618;33415;tests/023.in
100000;5000;5000;100;0.90;126;994;0.89;18306;27263;tests/024.in
100000;5000;5000;100;0.90;130;986;0.90;18705;28655;tests/025.in
100000;5000;5000;100;0.90;123;989;0.90;19558;29774;tests/026.in
100000;5000;5000;100;0.90;129;991;0.89;17695;25632;tests/027.in
100000;5000;5000;100;0.90;120;994;0.90;20885;32966;tests/028.in
100000;5000;5000;100;0.90;115;998;0.90;22157;35714;tests/029.in
100000;5000;5000;100;0.90;119;995;0.90;20920;32850;tests/030.in
100000;5000;5000;100;0.90;121;993;0.90;20801;31844;tests/031.in
100000;5000;5000;100;0.90;132;991;0.89;17635;25982;tests/032.in
100000;5000;5000;100;0.90;123;990;0.90;19188;28902;tests/033.in
100000;5000;5000;100;0.90;118;996;0.90;21349;33456;tests/034.in
100000;5000;5000;100;0.90;120;993;0.90;20702;32165;tests/035.in
100000;5000;5000;100;0.90;124;995;0.89;19179;29333;tests/036.in
100000;5000;5000;100;0.90;126;991;0.90;18320;27641;tests/037.in
100000;5000;5000;100;0.90;122;993;0.90;20077;31150;tests/038.in
100000;5000;5000;100;0.90;128;986;0.90;17877;26453;tests/039.in
100000;5000;5000;100;0.90;128;987;0.90;17889;27704;tests/040.in
100000;5000;5000;100;0.90;120;994;0.90;20986;32087;tests/041.in
100000;5000;5000;100;0.90;128;991;0.89;18132;26990;tests/042.in
100000;5000;5000;100;0.90;129;989;0.89;17753;26003;tests/043.in
100000;5000;5000;100;0.90;123;992;0.90;19546;29724;tests/044.in
100000;5000;5000;100;0.90;116;998;0.90;22004;35145;tests/045.in
100000;5000;5000;100;0.90;122;993;0.90;19981;30187;tests/046.in
100000;5000;5000;100;0.90;128;991;0.89;17589;26046;tests/047.in
100000;5000;5000;100;0.90;117;996;0.90;22216;34357;tests/048.in
100000;5000;5000;100;0.90;121;995;0.90;20290;31819;tests/049.in
100000;5000;5000;100;0.90;123;993;0.90;19467;29155;tests/050.in
